event_id,magnitude,annual_rate,dip,rake,dip_dir,z_tor,z_bor,fault_trace
17.0,6.55,0.00103,50.0,-83.0,72.6,0.0,13.0,"[[-119.474, 38.47, 0.0], [-119.474, 38.501, 0.0], [-119.494, 38.533, 0.0], [-119.503, 38.547, 0.0], [-119.516, 38.578, 0.0], [-119.527, 38.583, 0.0], [-119.524, 38.591, 0.0], [-119.522, 38.596, 0.0], [-119.53, 38.624, 0.0], [-119.529, 38.646, 0.0]]"
18.0,6.55,0.00103,50.0,-83.0,72.6,0.0,13.0,"[[-119.529, 38.646, 0.0], [-119.536, 38.656, 0.0], [-119.546, 38.669, 0.0], [-119.556, 38.715, 0.0], [-119.559, 38.72, 0.0], [-119.569, 38.736, 0.0], [-119.586, 38.781, 0.0], [-119.587, 38.782, 0.0], [-119.597, 38.793, 0.0], [-119.601, 38.809, 0.0]]"
19.0,6.9,0.000436,50.0,-83.0,72.6,0.0,13.0,"[[-119.474, 38.47, 0.0], [-119.474, 38.501, 0.0], [-119.494, 38.533, 0.0], [-119.503, 38.547, 0.0], [-119.516, 38.578, 0.0], [-119.527, 38.583, 0.0], [-119.524, 38.591, 0.0], [-119.522, 38.596, 0.0], [-119.53, 38.624, 0.0], [-119.529, 38.646, 0.0], [-119.536, 38.656, 0.0], [-119.546, 38.669, 0.0], [-119.556, 38.715, 0.0], [-119.559, 38.72, 0.0], [-119.569, 38.736, 0.0], [-119.586, 38.781, 0.0], [-119.587, 38.782, 0.0], [-119.597, 38.793, 0.0], [-119.601, 38.809, 0.0]]"
32.0,6.45,0.000708,90.0,1.6,58.1,0.0,14.5,"[[-122.499, 38.997, 0.0], [-122.552, 39.047, 0.0], [-122.597, 39.09, 0.0], [-122.603, 39.097, 0.0]]"
33.0,6.45,0.000708,90.0,1.6,58.1,0.0,14.5,"[[-122.603, 39.097, 0.0], [-122.651, 39.149, 0.0], [-122.653, 39.152, 0.0], [-122.714, 39.19, 0.0], [-122.756, 39.216, 0.0], [-122.772, 39.235, 0.0]]"
40.0,6.95,0.000819,90.0,1.6,58.1,0.0,14.5,"[[-122.499, 38.997, 0.0], [-122.552, 39.047, 0.0], [-122.597, 39.09, 0.0], [-122.603, 39.097, 0.0], [-122.651, 39.149, 0.0], [-122.653, 39.152, 0.0], [-122.714, 39.19, 0.0], [-122.756, 39.216, 0.0], [-122.772, 39.235, 0.0], [-122.817, 39.289, 0.0], [-122.863, 39.342, 0.0], [-122.869, 39.35, 0.0]]"
54.0,6.25,0.000733,90.0,0.0,60.3,0.0,10.0,"[[-122.47, 38.225, 0.0], [-122.503, 38.259, 0.0], [-122.537, 38.292, 0.0], [-122.562, 38.33, 0.0]]"
55.0,6.25,0.000733,90.0,0.0,60.3,0.0,10.0,"[[-122.562, 38.33, 0.0], [-122.587, 38.368, 0.0], [-122.592, 38.376, 0.0], [-122.617, 38.403, 0.0], [-122.647, 38.435, 0.0], [-122.647, 38.438, 0.0]]"
56.0,6.75,0.000455,90.0,0.0,60.3,0.0,10.0,"[[-122.47, 38.225, 0.0], [-122.503, 38.259, 0.0], [-122.537, 38.292, 0.0], [-122.562, 38.33, 0.0], [-122.587, 38.368, 0.0], [-122.592, 38.376, 0.0], [-122.617, 38.403, 0.0], [-122.647, 38.435, 0.0], [-122.647, 38.438, 0.0]]"
101.0,6.35,0.000121,70.0,19.1,27.1,0.0,12.0,"[[-121.928, 37.121, 0.0], [-121.988, 37.142, 0.0], [-121.992, 37.144, 0.0], [-122.04, 37.173, 0.0]]"
102.0,6.35,0.000121,70.0,19.1,27.1,0.0,12.0,"[[-122.04, 37.173, 0.0], [-122.081, 37.198, 0.0], [-122.094, 37.2, 0.0], [-122.158, 37.212, 0.0], [-122.176, 37.215, 0.0], [-122.213, 37.238, 0.0]]"
103.0,6.35,0.000121,70.0,19.1,27.1,0.0,12.0,"[[-122.213, 37.238, 0.0], [-122.266, 37.269, 0.0], [-122.273, 37.273, 0.0], [-122.326, 37.289, 0.0]]"
104.0,6.85,9.42e-05,70.0,19.1,27.1,0.0,12.0,"[[-121.928, 37.121, 0.0], [-121.988, 37.142, 0.0], [-121.992, 37.144, 0.0], [-122.04, 37.173, 0.0], [-122.081, 37.198, 0.0], [-122.094, 37.2, 0.0], [-122.158, 37.212, 0.0], [-122.176, 37.215, 0.0], [-122.213, 37.238, 0.0], [-122.266, 37.269, 0.0], [-122.273, 37.273, 0.0], [-122.326, 37.289, 0.0]]"
115.0,6.15,0.00462,77.0,0.1,230.6,0.0,13.0,"[[-121.396, 36.839, 0.0], [-121.357, 36.789, 0.0], [-121.355, 36.785, 0.0], [-121.305, 36.746, 0.0]]"
116.0,6.15,0.00462,77.0,0.1,230.6,0.0,13.0,"[[-121.305, 36.746, 0.0], [-121.357, 36.789, 0.0], [-121.355, 36.785, 0.0], [-121.305, 36.746, 0.0]]"
117.0,6.15,0.00462,77.0,0.1,230.6,0.0,13.0,"[[-121.305, 36.746, 0.0], [-121.357, 36.789, 0.0], [-121.355, 36.785, 0.0], [-121.305, 36.746, 0.0]]"
140.0,6.55,0.00121,50.0,-79.0,85.2,0.0,13.0,"[[-119.809, 38.669, 0.0], [-119.815, 38.737, 0.0], [-119.819, 38.783, 0.0], [-119.806, 38.803, 0.0], [-119.799, 38.814, 0.0], [-119.802, 38.857, 0.0], [-119.813, 38.866, 0.0], [-119.837, 38.886, 0.0]]"
141.0,6.55,0.00121,50.0,-79.0,85.2,0.0,13.0,"[[-119.837, 38.886, 0.0], [-119.845, 38.9, 0.0], [-119.84, 38.912, 0.0], [-119.845, 38.925, 0.0], [-119.848, 38.931, 0.0], [-119.838, 38.954, 0.0], [-119.841, 38.972, 0.0], [-119.832, 38.981, 0.0], [-119.834, 38.988, 0.0], [-119.834, 38.99, 0.0], [-119.846, 38.996, 0.0], [-119.849, 39.007, 0.0], [-119.844, 39.027, 0.0], [-119.831, 39.044, 0.0], [-119.835, 39.048, 0.0], [-119.844, 39.061, 0.0], [-119.846, 39.085, 0.0], [-119.855, 39.097, 0.0]]"
142.0,6.95,0.000742,50.0,-79.0,85.2,0.0,13.0,"[[-119.809, 38.669, 0.0], [-119.815, 38.737, 0.0], [-119.819, 38.783, 0.0], [-119.806, 38.803, 0.0], [-119.799, 38.814, 0.0], [-119.802, 38.857, 0.0], [-119.813, 38.866, 0.0], [-119.837, 38.886, 0.0], [-119.845, 38.9, 0.0], [-119.84, 38.912, 0.0], [-119.845, 38.925, 0.0], [-119.848, 38.931, 0.0], [-119.838, 38.954, 0.0], [-119.841, 38.972, 0.0], [-119.832, 38.981, 0.0], [-119.834, 38.988, 0.0], [-119.834, 38.99, 0.0], [-119.846, 38.996, 0.0], [-119.849, 39.007, 0.0], [-119.844, 39.027, 0.0], [-119.831, 39.044, 0.0], [-119.835, 39.048, 0.0], [-119.844, 39.061, 0.0], [-119.846, 39.085, 0.0], [-119.855, 39.097, 0.0]]"
173.0,6.35,0.000185,90.0,11.6,231.9,0.0,16.0,"[[-121.962, 37.976, 0.0], [-121.918, 37.941, 0.0], [-121.885, 37.914, 0.0], [-121.878, 37.904, 0.0]]"
174.0,6.85,0.000257,90.0,11.6,231.9,0.0,16.0,"[[-121.962, 37.976, 0.0], [-121.918, 37.941, 0.0], [-121.885, 37.914, 0.0], [-121.878, 37.904, 0.0]]"
181.0,6.15,0.00116,90.0,4.3,223.7,0.0,10.0,"[[-122.847, 38.941, 0.0], [-122.81, 38.907, 0.0], [-122.791, 38.89, 0.0], [-122.773, 38.873, 0.0], [-122.738, 38.837, 0.0]]"
182.0,6.15,0.00116,90.0,4.3,223.7,0.0,10.0,"[[-122.738, 38.837, 0.0], [-122.704, 38.804, 0.0], [-122.702, 38.802, 0.0], [-122.654, 38.777, 0.0], [-122.61, 38.754, 0.0], [-122.607, 38.752, 0.0]]"
183.0,6.5,0.000208,90.0,4.3,223.7,0.0,10.0,"[[-122.847, 38.941, 0.0], [-122.81, 38.907, 0.0], [-122.791, 38.89, 0.0], [-122.773, 38.873, 0.0], [-122.738, 38.837, 0.0], [-122.704, 38.804, 0.0], [-122.702, 38.802, 0.0], [-122.654, 38.777, 0.0], [-122.61, 38.754, 0.0], [-122.607, 38.752, 0.0]]"
189.0,6.25,1.57e-05,90.0,-0.9,82.5,0.0,12.9,"[[-122.163, 37.92, 0.0], [-122.17, 37.96, 0.0]]"
190.0,6.35,0.000288,90.0,0.0,81.9,0.0,12.5,"[[-122.185, 38.009, 0.0], [-122.194, 38.058, 0.0]]"
191.0,6.25,5.08e-05,90.0,0.8,76.0,0.0,14.6,"[[-122.093, 37.851, 0.0], [-122.105, 37.888, 0.0]]"
192.0,6.25,0.000933,90.0,0.9,76.9,0.0,15.0,"[[-122.056, 37.861, 0.0], [-122.066, 37.895, 0.0]]"
193.0,6.35,0.000239,90.0,-0.4,72.2,0.0,13.2,"[[-122.169, 38.023, 0.0], [-122.185, 38.061, 0.0]]"
194.0,6.25,5.55e-05,90.0,0.3,245.6,0.0,14.7,"[[-122.118, 37.931, 0.0], [-122.105, 37.908, 0.0]]"
195.0,6.35,0.000283,80.0,-0.4,231.2,0.0,14.0,"[[-122.168, 38.022, 0.0], [-122.127, 37.982, 0.0]]"
196.0,6.35,0.000391,81.0,1.3,246.6,0.0,12.9,"[[-122.241, 38.154, 0.0], [-122.207, 38.108, 0.0], [-122.201, 38.099, 0.0], [-122.18, 38.058, 0.0]]"
197.0,6.35,0.000391,81.0,1.3,246.6,0.0,12.9,"[[-122.18, 38.058, 0.0], [-122.154, 38.008, 0.0], [-122.146, 37.992, 0.0], [-122.139, 37.956, 0.0], [-122.137, 37.947, 0.0]]"
198.0,6.85,0.0001,81.0,1.3,246.6,0.0,12.9,"[[-122.241, 38.154, 0.0], [-122.207, 38.108, 0.0], [-122.201, 38.099, 0.0], [-122.18, 38.058, 0.0], [-122.154, 38.008, 0.0], [-122.146, 37.992, 0.0], [-122.139, 37.956, 0.0], [-122.137, 37.947, 0.0]]"
249.0,6.45,0.000258,90.0,-13.0,129.1,0.0,15.0,"[[-120.251, 39.358, 0.0], [-120.191, 39.406, 0.0], [-120.131, 39.454, 0.0], [-120.113, 39.469, 0.0], [-120.08, 39.508, 0.0]]"
250.0,6.95,8.24e-05,90.0,-13.0,129.1,0.0,15.0,"[[-120.251, 39.358, 0.0], [-120.191, 39.406, 0.0], [-120.131, 39.454, 0.0], [-120.113, 39.469, 0.0], [-120.08, 39.508, 0.0]]"
304.0,6.35,0.000635,90.0,1.3,56.0,0.0,13.2,"[[-122.044, 37.846, 0.0], [-122.071, 37.898, 0.0], [-122.079, 37.913, 0.0], [-122.118, 37.94, 0.0], [-122.159, 37.969, 0.0]]"
305.0,6.35,0.000635,90.0,1.3,56.0,0.0,13.2,"[[-122.159, 37.969, 0.0], [-122.168, 37.981, 0.0], [-122.197, 38.019, 0.0], [-122.207, 38.029, 0.0], [-122.242, 38.06, 0.0], [-122.251, 38.074, 0.0]]"
306.0,6.85,0.000196,90.0,1.3,56.0,0.0,13.2,"[[-122.044, 37.846, 0.0], [-122.071, 37.898, 0.0], [-122.079, 37.913, 0.0], [-122.118, 37.94, 0.0], [-122.159, 37.969, 0.0], [-122.168, 37.981, 0.0], [-122.197, 38.019, 0.0], [-122.207, 38.029, 0.0], [-122.242, 38.06, 0.0], [-122.251, 38.074, 0.0]]"
352.0,6.15,0.000137,15.0,74.3,267.9,7.0,9.6,"[[-122.3, 39.679, 7.0], [-122.298, 39.635, 7.0], [-122.295, 39.591, 7.0]]"
353.0,6.15,0.000137,15.0,74.3,267.9,7.0,9.6,"[[-122.295, 39.591, 7.0], [-122.293, 39.548, 7.0], [-122.291, 39.504, 7.0], [-122.289, 39.46, 7.0]]"
354.0,6.15,0.000137,15.0,74.3,267.9,7.0,9.6,"[[-122.289, 39.46, 7.0], [-122.287, 39.417, 7.0], [-122.285, 39.373, 7.0], [-122.283, 39.329, 7.0]]"
355.0,6.65,3.05e-05,15.0,74.3,267.9,7.0,9.6,"[[-122.3, 39.679, 7.0], [-122.298, 39.635, 7.0], [-122.295, 39.591, 7.0], [-122.293, 39.548, 7.0], [-122.291, 39.504, 7.0], [-122.289, 39.46, 7.0], [-122.287, 39.417, 7.0], [-122.285, 39.373, 7.0], [-122.283, 39.329, 7.0]]"
356.0,6.25,6.25e-05,15.0,75.6,272.6,7.0,9.6,"[[-122.281, 39.286, 7.0], [-122.283, 39.246, 7.0], [-122.285, 39.207, 7.0], [-122.288, 39.168, 7.0], [-122.29, 39.128, 7.0]]"
357.0,6.75,2.82e-05,15.0,75.6,272.6,7.0,9.6,"[[-122.281, 39.286, 7.0], [-122.283, 39.246, 7.0], [-122.285, 39.207, 7.0], [-122.288, 39.168, 7.0], [-122.29, 39.128, 7.0]]"
358.0,6.45,0.000741,20.0,76.3,247.2,9.0,14.0,"[[-122.278, 39.117, 9.0], [-122.249, 39.064, 9.0], [-122.22, 39.01, 9.0], [-122.191, 38.957, 9.0]]"
359.0,6.45,0.000741,20.0,76.3,247.2,9.0,14.0,"[[-122.191, 38.957, 9.0], [-122.163, 38.904, 9.0], [-122.134, 38.85, 9.0], [-122.105, 38.797, 9.0], [-122.077, 38.743, 9.0]]"
360.0,6.95,0.00054,20.0,76.3,247.2,9.0,14.0,"[[-122.278, 39.117, 9.0], [-122.249, 39.064, 9.0], [-122.22, 39.01, 9.0], [-122.191, 38.957, 9.0], [-122.163, 38.904, 9.0], [-122.134, 38.85, 9.0], [-122.105, 38.797, 9.0], [-122.077, 38.743, 9.0]]"
361.0,6.15,0.00113,20.0,89.7,59.7,3.0,6.0,"[[-121.878, 38.624, 3.0], [-121.889, 38.658, 3.0], [-121.901, 38.692, 3.0], [-121.908, 38.712, 3.0], [-121.919, 38.723, 3.0]]"
362.0,6.15,0.00113,20.0,89.7,59.7,3.0,6.0,"[[-121.919, 38.723, 3.0], [-121.948, 38.75, 3.0], [-121.976, 38.777, 3.0], [-122.005, 38.805, 3.0]]"
363.0,6.45,3.22e-05,20.0,89.7,59.7,3.0,6.0,"[[-121.878, 38.624, 3.0], [-121.889, 38.658, 3.0], [-121.901, 38.692, 3.0], [-121.908, 38.712, 3.0], [-121.919, 38.723, 3.0], [-121.948, 38.75, 3.0], [-121.976, 38.777, 3.0], [-122.005, 38.805, 3.0]]"
364.0,6.45,8.72e-05,20.0,78.9,245.0,9.0,14.0,"[[-122.092, 38.688, 9.0], [-122.061, 38.636, 9.0], [-122.03, 38.584, 9.0]]"
365.0,6.45,0.000328,20.0,78.3,251.8,9.0,14.0,"[[-122.047, 38.528, 9.0], [-122.035, 38.465, 9.0], [-122.029, 38.44, 9.0], [-122.01, 38.405, 9.0], [-121.978, 38.346, 9.0]]"
366.0,6.95,0.000214,20.0,78.3,251.8,9.0,14.0,"[[-122.047, 38.528, 9.0], [-122.035, 38.465, 9.0], [-122.029, 38.44, 9.0], [-122.01, 38.405, 9.0], [-121.978, 38.346, 9.0]]"
367.0,6.25,0.00184,55.0,9.9,78.1,0.0,10.8,"[[-121.905, 38.037, 0.0], [-121.888, 38.082, 0.0], [-121.888, 38.083, 0.0], [-121.909, 38.126, 0.0], [-121.931, 38.17, 0.0]]"
368.0,6.25,0.000935,90.0,70.9,248.9,10.0,20.0,"[[-121.976, 38.284, 10.0], [-121.957, 38.246, 10.0], [-121.938, 38.208, 10.0], [-121.919, 38.169, 10.0]]"
369.0,6.25,0.000935,90.0,70.9,248.9,10.0,20.0,"[[-121.919, 38.169, 10.0], [-121.901, 38.131, 10.0], [-121.882, 38.093, 10.0], [-121.863, 38.054, 10.0]]"
370.0,6.75,0.000272,90.0,70.9,248.9,10.0,20.0,"[[-121.976, 38.284, 10.0], [-121.957, 38.246, 10.0], [-121.938, 38.208, 10.0], [-121.919, 38.169, 10.0], [-121.901, 38.131, 10.0], [-121.882, 38.093, 10.0], [-121.863, 38.054, 10.0]]"
371.0,6.65,0.000494,47.0,82.4,256.9,1.0,15.0,"[[-121.82, 38.429, 1.0], [-121.773, 38.361, 1.0], [-121.741, 38.314, 1.0], [-121.729, 38.292, 1.0], [-121.709, 38.255, 1.0]]"
372.0,6.65,0.000494,47.0,82.4,256.9,1.0,15.0,"[[-121.709, 38.255, 1.0], [-121.689, 38.221, 1.0], [-121.657, 38.167, 1.0], [-121.653, 38.15, 1.0], [-121.634, 38.083, 1.0], [-121.633, 38.074, 1.0]]"
373.0,6.65,0.000494,47.0,82.4,256.9,1.0,15.0,"[[-121.633, 38.074, 1.0], [-121.617, 37.998, 1.0], [-121.628, 37.921, 1.0], [-121.629, 37.907, 1.0]]"
374.0,7.05,9.4e-05,47.0,82.4,256.9,1.0,15.0,"[[-121.82, 38.429, 1.0], [-121.773, 38.361, 1.0], [-121.741, 38.314, 1.0], [-121.729, 38.292, 1.0], [-121.709, 38.255, 1.0], [-121.689, 38.221, 1.0], [-121.657, 38.167, 1.0], [-121.653, 38.15, 1.0], [-121.634, 38.083, 1.0], [-121.633, 38.074, 1.0], [-121.617, 37.998, 1.0], [-121.628, 37.921, 1.0], [-121.629, 37.907, 1.0]]"
375.0,6.95,8.45e-05,30.0,68.1,267.3,2.0,16.0,"[[-121.655, 38.166, 2.0], [-121.65, 38.066, 2.0], [-121.647, 37.995, 2.0], [-121.644, 37.966, 2.0]]"
376.0,7.45,6.64e-05,30.0,68.1,267.3,2.0,16.0,"[[-121.655, 38.166, 2.0], [-121.65, 38.066, 2.0], [-121.647, 37.995, 2.0], [-121.644, 37.966, 2.0]]"
377.0,6.15,0.0015,20.0,82.7,230.6,7.0,9.6,"[[-121.524, 37.734, 7.0], [-121.498, 37.709, 7.0], [-121.471, 37.684, 7.0], [-121.445, 37.658, 7.0], [-121.418, 37.633, 7.0]]"
378.0,6.15,0.0015,20.0,82.7,230.6,7.0,9.6,"[[-121.418, 37.633, 7.0], [-121.392, 37.607, 7.0], [-121.366, 37.582, 7.0], [-121.339, 37.556, 7.0], [-121.313, 37.531, 7.0]]"
379.0,6.15,0.0015,20.0,82.7,230.6,7.0,9.6,"[[-121.313, 37.531, 7.0], [-121.287, 37.505, 7.0], [-121.261, 37.48, 7.0], [-121.234, 37.455, 7.0], [-121.208, 37.429, 7.0], [-121.182, 37.404, 7.0]]"
380.0,6.15,0.0015,20.0,82.7,230.6,7.0,9.6,"[[-121.182, 37.404, 7.0], [-121.156, 37.378, 7.0], [-121.129, 37.353, 7.0], [-121.103, 37.327, 7.0], [-121.077, 37.302, 7.0]]"
381.0,6.65,0.000308,20.0,82.7,230.6,7.0,9.6,"[[-121.524, 37.734, 7.0], [-121.498, 37.709, 7.0], [-121.471, 37.684, 7.0], [-121.445, 37.658, 7.0], [-121.418, 37.633, 7.0], [-121.392, 37.607, 7.0], [-121.366, 37.582, 7.0], [-121.339, 37.556, 7.0], [-121.313, 37.531, 7.0], [-121.287, 37.505, 7.0], [-121.261, 37.48, 7.0], [-121.234, 37.455, 7.0], [-121.208, 37.429, 7.0], [-121.182, 37.404, 7.0], [-121.156, 37.378, 7.0], [-121.129, 37.353, 7.0], [-121.103, 37.327, 7.0], [-121.077, 37.302, 7.0]]"
382.0,6.35,0.000189,25.0,66.6,241.1,0.0,6.0,"[[-121.095, 37.245, 0.0], [-121.06, 37.194, 0.0], [-121.025, 37.143, 0.0]]"
383.0,6.85,0.000115,25.0,66.6,241.1,0.0,6.0,"[[-121.095, 37.245, 0.0], [-121.06, 37.194, 0.0], [-121.025, 37.143, 0.0]]"
384.0,6.15,0.00227,25.0,78.3,237.1,7.0,9.6,"[[-120.987, 37.103, 7.0], [-120.968, 37.08, 7.0], [-120.95, 37.058, 7.0], [-120.932, 37.035, 7.0], [-120.913, 37.012, 7.0], [-120.895, 36.99, 7.0], [-120.877, 36.967, 7.0]]"
385.0,6.15,0.00227,25.0,78.3,237.1,7.0,9.6,"[[-120.877, 36.967, 7.0], [-120.858, 36.944, 7.0], [-120.84, 36.922, 7.0], [-120.822, 36.899, 7.0], [-120.804, 36.876, 7.0], [-120.785, 36.854, 7.0], [-120.767, 36.831, 7.0]]"
386.0,6.65,0.000486,25.0,78.3,237.1,7.0,9.6,"[[-120.987, 37.103, 7.0], [-120.968, 37.08, 7.0], [-120.95, 37.058, 7.0], [-120.932, 37.035, 7.0], [-120.913, 37.012, 7.0], [-120.895, 36.99, 7.0], [-120.877, 36.967, 7.0], [-120.858, 36.944, 7.0], [-120.84, 36.922, 7.0], [-120.822, 36.899, 7.0], [-120.804, 36.876, 7.0], [-120.785, 36.854, 7.0], [-120.767, 36.831, 7.0]]"
387.0,6.65,0.000385,15.0,73.7,242.0,7.0,9.6,"[[-120.758, 36.799, 7.0], [-120.736, 36.765, 7.0], [-120.713, 36.731, 7.0], [-120.69, 36.697, 7.0], [-120.668, 36.662, 7.0]]"
388.0,6.15,0.000462,15.0,66.3,221.4,7.0,9.6,"[[-120.653, 36.641, 7.0], [-120.612, 36.612, 7.0], [-120.571, 36.583, 7.0]]"
389.0,6.15,0.000462,15.0,66.3,221.4,7.0,9.6,"[[-120.571, 36.583, 7.0], [-120.53, 36.553, 7.0], [-120.489, 36.524, 7.0]]"
390.0,6.65,0.000465,15.0,66.3,221.4,7.0,9.6,"[[-120.653, 36.641, 7.0], [-120.612, 36.612, 7.0], [-120.571, 36.583, 7.0], [-120.53, 36.553, 7.0], [-120.489, 36.524, 7.0]]"
391.0,6.25,6.87e-05,15.0,71.7,242.8,7.0,9.6,"[[-120.438, 36.479, 7.0], [-120.416, 36.445, 7.0], [-120.394, 36.41, 7.0], [-120.371, 36.375, 7.0]]"
399.0,6.25,0.000654,84.0,10.1,54.2,0.0,14.9,"[[-121.542, 37.507, 0.0], [-121.58, 37.565, 0.0], [-121.542, 37.507, 0.0]]"
404.0,6.15,0.00103,87.0,1.8,77.2,0.0,10.6,"[[-121.469, 37.254, 0.0], [-121.474, 37.298, 0.0], [-121.475, 37.302, 0.0], [-121.488, 37.34, 0.0]]"
405.0,6.15,0.00103,87.0,1.8,77.2,0.0,10.6,"[[-121.488, 37.34, 0.0], [-121.502, 37.382, 0.0], [-121.511, 37.425, 0.0], [-121.519, 37.463, 0.0], [-121.521, 37.467, 0.0]]"
406.0,6.65,0.000372,87.0,1.8,77.2,0.0,10.6,"[[-121.469, 37.254, 0.0], [-121.474, 37.298, 0.0], [-121.475, 37.302, 0.0], [-121.488, 37.34, 0.0], [-121.502, 37.382, 0.0], [-121.511, 37.425, 0.0], [-121.519, 37.463, 0.0], [-121.521, 37.467, 0.0]]"
419.0,6.55,0.00342,76.0,0.2,52.4,0.0,13.4,"[[-121.802, 37.397, 0.0], [-121.858, 37.44, 0.0], [-121.913, 37.482, 0.0], [-121.915, 37.483, 0.0], [-121.955, 37.533, 0.0]]"
422.0,6.15,0.00358,48.0,3.4,56.0,0.0,5.1,"[[-121.664, 37.234, 0.0], [-121.697, 37.247, 0.0], [-121.725, 37.258, 0.0], [-121.726, 37.263, 0.0], [-121.736, 37.292, 0.0], [-121.74, 37.303, 0.0], [-121.752, 37.318, 0.0], [-121.773, 37.343, 0.0], [-121.775, 37.346, 0.0], [-121.788, 37.37, 0.0]]"
423.0,6.65,0.00131,48.0,3.4,56.0,0.0,5.1,"[[-121.664, 37.234, 0.0], [-121.697, 37.247, 0.0], [-121.725, 37.258, 0.0], [-121.726, 37.263, 0.0], [-121.736, 37.292, 0.0], [-121.74, 37.303, 0.0], [-121.752, 37.318, 0.0], [-121.773, 37.343, 0.0], [-121.775, 37.346, 0.0], [-121.788, 37.37, 0.0]]"
485.0,6.45,0.000195,50.0,-85.7,107.0,0.0,11.4,"[[-119.998, 39.124, 0.0], [-119.967, 39.18, 0.0], [-119.966, 39.18, 0.0], [-119.962, 39.24, 0.0], [-119.961, 39.257, 0.0]]"
486.0,6.75,4.2e-05,50.0,-85.7,107.0,0.0,11.4,"[[-119.998, 39.124, 0.0], [-119.967, 39.18, 0.0], [-119.966, 39.18, 0.0], [-119.962, 39.24, 0.0], [-119.961, 39.257, 0.0]]"
536.0,6.3,0.000402,90.0,29.9,321.0,0.0,15.0,"[[-121.684, 37.691, 0.0], [-121.749, 37.649, 0.0]]"
575.0,7.05,2.47e-05,39.0,36.7,38.7,0.0,14.0,"[[-121.923, 37.976, 0.0], [-121.984, 38.0, 0.0], [-122.012, 38.034, 0.0], [-122.036, 38.065, 0.0]]"
589.0,6.35,0.00173,63.0,0.0,59.8,0.0,10.9,"[[-122.647, 38.5, 0.0], [-122.685, 38.545, 0.0], [-122.722, 38.591, 0.0], [-122.743, 38.616, 0.0]]"
590.0,6.35,0.00173,63.0,0.0,59.8,0.0,10.9,"[[-122.743, 38.616, 0.0], [-122.761, 38.636, 0.0], [-122.801, 38.68, 0.0], [-122.802, 38.681, 0.0], [-122.847, 38.72, 0.0]]"
591.0,6.35,0.00173,63.0,0.0,59.8,0.0,10.9,"[[-122.847, 38.72, 0.0], [-122.894, 38.761, 0.0], [-122.941, 38.801, 0.0], [-122.958, 38.816, 0.0], [-122.977, 38.846, 0.0]]"
592.0,6.35,0.00173,63.0,0.0,59.8,0.0,10.9,"[[-122.977, 38.846, 0.0], [-122.941, 38.801, 0.0], [-122.958, 38.816, 0.0], [-122.977, 38.846, 0.0]]"
597.0,6.35,0.00173,63.0,0.0,59.8,0.0,10.9,"[[-123.038, 38.944, 0.0], [-123.068, 38.993, 0.0], [-123.084, 39.018, 0.0], [-123.099, 39.041, 0.0]]"
650.0,6.15,0.00042,90.0,4.2,224.3,0.0,5.1,"[[-122.043, 37.633, 0.0], [-122.022, 37.62, 0.0], [-122.001, 37.607, 0.0], [-121.981, 37.595, 0.0], [-121.98, 37.594, 0.0], [-121.962, 37.579, 0.0], [-121.944, 37.563, 0.0], [-121.926, 37.548, 0.0], [-121.908, 37.533, 0.0], [-121.89, 37.517, 0.0], [-121.878, 37.507, 0.0], [-121.872, 37.502, 0.0], [-121.853, 37.487, 0.0], [-121.835, 37.472, 0.0]]"
651.0,6.65,0.000384,90.0,4.2,224.3,0.0,5.1,"[[-122.043, 37.633, 0.0], [-122.022, 37.62, 0.0], [-122.001, 37.607, 0.0], [-121.981, 37.595, 0.0], [-121.98, 37.594, 0.0], [-121.962, 37.579, 0.0], [-121.944, 37.563, 0.0], [-121.926, 37.548, 0.0], [-121.908, 37.533, 0.0], [-121.89, 37.517, 0.0], [-121.878, 37.507, 0.0], [-121.872, 37.502, 0.0], [-121.853, 37.487, 0.0], [-121.835, 37.472, 0.0]]"
661.0,6.45,0.000876,90.0,-4.2,58.5,0.0,14.7,"[[-120.369, 39.49, 0.0], [-120.395, 39.551, 0.0], [-120.398, 39.559, 0.0], [-120.433, 39.609, 0.0], [-120.453, 39.639, 0.0]]"
664.0,6.9,0.000324,90.0,-4.2,58.5,0.0,14.7,"[[-120.369, 39.49, 0.0], [-120.395, 39.551, 0.0], [-120.398, 39.559, 0.0], [-120.433, 39.609, 0.0], [-120.453, 39.639, 0.0], [-120.484, 39.659, 0.0], [-120.518, 39.681, 0.0], [-120.548, 39.7, 0.0], [-120.613, 39.74, 0.0], [-120.617, 39.743, 0.0], [-120.65, 39.798, 0.0], [-120.685, 39.856, 0.0], [-120.72, 39.915, 0.0]]"
666.0,6.55,0.000997,61.0,73.9,212.2,0.0,14.2,"[[-122.314, 37.477, 0.0], [-122.246, 37.437, 0.0], [-122.177, 37.397, 0.0]]"
667.0,6.55,0.000997,61.0,73.9,212.2,0.0,14.2,"[[-122.177, 37.397, 0.0], [-122.109, 37.357, 0.0], [-122.103, 37.353, 0.0], [-122.07, 37.313, 0.0], [-122.057, 37.305, 0.0], [-122.01, 37.275, 0.0], [-121.99, 37.263, 0.0]]"
668.0,6.55,0.000997,61.0,73.9,212.2,0.0,14.2,"[[-121.99, 37.263, 0.0], [-121.955, 37.243, 0.0], [-121.919, 37.227, 0.0], [-121.894, 37.216, 0.0], [-121.838, 37.207, 0.0]]"
669.0,7.05,0.000195,61.0,73.9,212.2,0.0,14.2,"[[-122.314, 37.477, 0.0], [-122.246, 37.437, 0.0], [-122.177, 37.397, 0.0], [-122.109, 37.357, 0.0], [-122.103, 37.353, 0.0], [-122.07, 37.313, 0.0], [-122.057, 37.305, 0.0], [-122.01, 37.275, 0.0], [-121.99, 37.263, 0.0], [-121.955, 37.243, 0.0], [-121.919, 37.227, 0.0], [-121.894, 37.216, 0.0], [-121.838, 37.207, 0.0]]"
670.0,6.45,0.00105,90.0,54.0,48.8,0.0,14.0,"[[-121.503, 36.358, 0.0], [-121.567, 36.387, 0.0], [-121.596, 36.4, 0.0], [-121.626, 36.422, 0.0], [-121.649, 36.439, 0.0], [-121.688, 36.453, 0.0]]"
671.0,6.45,0.00105,90.0,54.0,48.8,0.0,14.0,"[[-121.688, 36.453, 0.0], [-121.735, 36.469, 0.0], [-121.75, 36.483, 0.0], [-121.8, 36.527, 0.0], [-121.85, 36.571, 0.0], [-121.866, 36.585, 0.0]]"
672.0,6.45,0.00105,90.0,54.0,48.8,0.0,14.0,"[[-121.866, 36.585, 0.0], [-121.888, 36.621, 0.0], [-121.922, 36.674, 0.0], [-121.955, 36.727, 0.0]]"
673.0,6.45,0.00105,90.0,54.0,48.8,0.0,14.0,"[[-121.955, 36.727, 0.0], [-121.989, 36.78, 0.0], [-122.01, 36.814, 0.0], [-122.027, 36.83, 0.0], [-122.075, 36.876, 0.0]]"
674.0,6.95,0.000314,90.0,54.0,48.8,0.0,14.0,"[[-121.503, 36.358, 0.0], [-121.567, 36.387, 0.0], [-121.596, 36.4, 0.0], [-121.626, 36.422, 0.0], [-121.649, 36.439, 0.0], [-121.688, 36.453, 0.0], [-121.735, 36.469, 0.0], [-121.75, 36.483, 0.0], [-121.8, 36.527, 0.0], [-121.85, 36.571, 0.0], [-121.866, 36.585, 0.0], [-121.888, 36.621, 0.0], [-121.922, 36.674, 0.0], [-121.955, 36.727, 0.0], [-121.989, 36.78, 0.0], [-122.01, 36.814, 0.0], [-122.027, 36.83, 0.0], [-122.075, 36.876, 0.0]]"
675.0,7.45,4.76e-05,90.0,54.0,48.8,0.0,14.0,"[[-121.503, 36.358, 0.0], [-121.567, 36.387, 0.0], [-121.596, 36.4, 0.0], [-121.626, 36.422, 0.0], [-121.649, 36.439, 0.0], [-121.688, 36.453, 0.0], [-121.735, 36.469, 0.0], [-121.75, 36.483, 0.0], [-121.8, 36.527, 0.0], [-121.85, 36.571, 0.0], [-121.866, 36.585, 0.0], [-121.888, 36.621, 0.0], [-121.922, 36.674, 0.0], [-121.955, 36.727, 0.0], [-121.989, 36.78, 0.0], [-122.01, 36.814, 0.0], [-122.027, 36.83, 0.0], [-122.075, 36.876, 0.0]]"
680.0,6.35,0.000121,38.0,36.2,40.8,8.0,16.0,"[[-121.823, 37.73, 8.0], [-121.877, 37.767, 8.0], [-121.931, 37.804, 8.0], [-121.985, 37.84, 8.0]]"
681.0,6.85,0.000612,38.0,36.2,40.8,8.0,16.0,"[[-121.823, 37.73, 8.0], [-121.877, 37.767, 8.0], [-121.931, 37.804, 8.0], [-121.985, 37.84, 8.0]]"
682.0,6.95,0.000345,40.0,35.3,47.8,1.0,13.5,"[[-121.908, 37.773, 1.0], [-121.966, 37.802, 1.0], [-121.988, 37.827, 1.0]]"
683.0,6.45,0.000602,40.0,59.2,24.0,1.0,13.5,"[[-121.785, 37.724, 1.0], [-121.844, 37.745, 1.0]]"
714.0,6.45,0.000865,50.0,-87.2,107.0,0.0,13.0,"[[-120.044, 39.11, 0.0], [-120.05, 39.148, 0.0], [-120.037, 39.164, 0.0], [-119.997, 39.213, 0.0], [-119.994, 39.217, 0.0], [-119.978, 39.268, 0.0]]"
715.0,6.75,0.000107,50.0,-87.2,107.0,0.0,13.0,"[[-120.044, 39.11, 0.0], [-120.05, 39.148, 0.0], [-120.037, 39.164, 0.0], [-119.997, 39.213, 0.0], [-119.994, 39.217, 0.0], [-119.978, 39.268, 0.0]]"
744.0,6.15,0.00258,90.0,6.0,55.7,0.0,11.0,"[[-121.05, 37.004, 0.0], [-121.082, 37.04, 0.0], [-121.115, 37.077, 0.0], [-121.127, 37.091, 0.0]]"
745.0,6.15,0.00258,90.0,6.0,55.7,0.0,11.0,"[[-121.127, 37.091, 0.0], [-121.143, 37.116, 0.0], [-121.161, 37.145, 0.0], [-121.172, 37.153, 0.0], [-121.214, 37.183, 0.0], [-121.221, 37.188, 0.0]]"
746.0,6.15,0.00258,90.0,6.0,55.7,0.0,11.0,"[[-121.221, 37.188, 0.0], [-121.246, 37.219, 0.0], [-121.271, 37.25, 0.0], [-121.276, 37.258, 0.0]]"
747.0,6.65,0.00108,90.0,6.0,55.7,0.0,11.0,"[[-121.05, 37.004, 0.0], [-121.082, 37.04, 0.0], [-121.115, 37.077, 0.0], [-121.127, 37.091, 0.0], [-121.143, 37.116, 0.0], [-121.161, 37.145, 0.0], [-121.172, 37.153, 0.0], [-121.214, 37.183, 0.0], [-121.221, 37.188, 0.0], [-121.246, 37.219, 0.0], [-121.271, 37.25, 0.0], [-121.276, 37.258, 0.0]]"
748.0,7.05,0.000292,90.0,6.0,55.7,0.0,11.0,"[[-121.05, 37.004, 0.0], [-121.082, 37.04, 0.0], [-121.115, 37.077, 0.0], [-121.127, 37.091, 0.0], [-121.143, 37.116, 0.0], [-121.161, 37.145, 0.0], [-121.172, 37.153, 0.0], [-121.214, 37.183, 0.0], [-121.221, 37.188, 0.0], [-121.246, 37.219, 0.0], [-121.271, 37.25, 0.0], [-121.276, 37.258, 0.0]]"
749.0,6.15,0.000966,90.0,4.1,242.0,0.0,11.0,"[[-121.143, 37.108, 0.0], [-121.14, 37.062, 0.0], [-121.138, 37.034, 0.0], [-121.123, 37.019, 0.0]]"
750.0,6.15,0.000966,90.0,4.1,242.0,0.0,11.0,"[[-121.123, 37.019, 0.0], [-121.087, 36.983, 0.0], [-121.05, 36.946, 0.0], [-121.014, 36.91, 0.0], [-121.011, 36.907, 0.0]]"
751.0,6.15,0.000966,90.0,4.1,242.0,0.0,11.0,"[[-121.011, 36.907, 0.0], [-120.979, 36.873, 0.0], [-120.943, 36.836, 0.0], [-120.908, 36.799, 0.0], [-120.904, 36.794, 0.0]]"
752.0,6.15,0.000966,90.0,4.1,242.0,0.0,11.0,"[[-120.904, 36.794, 0.0], [-120.885, 36.756, 0.0], [-120.864, 36.712, 0.0], [-120.844, 36.669, 0.0]]"
753.0,6.65,0.000497,90.0,4.1,242.0,0.0,11.0,"[[-121.143, 37.108, 0.0], [-121.14, 37.062, 0.0], [-121.138, 37.034, 0.0], [-121.123, 37.019, 0.0], [-121.087, 36.983, 0.0], [-121.05, 36.946, 0.0], [-121.014, 36.91, 0.0], [-121.011, 36.907, 0.0]]"
754.0,6.65,0.000497,90.0,4.1,242.0,0.0,11.0,"[[-121.011, 36.907, 0.0], [-120.979, 36.873, 0.0], [-120.943, 36.836, 0.0], [-120.908, 36.799, 0.0], [-120.904, 36.794, 0.0], [-120.885, 36.756, 0.0], [-120.864, 36.712, 0.0], [-120.844, 36.669, 0.0]]"
755.0,7.05,0.000367,90.0,4.1,242.0,0.0,11.0,"[[-121.143, 37.108, 0.0], [-121.14, 37.062, 0.0], [-121.138, 37.034, 0.0], [-121.123, 37.019, 0.0], [-121.087, 36.983, 0.0], [-121.05, 36.946, 0.0], [-121.014, 36.91, 0.0], [-121.011, 36.907, 0.0], [-120.979, 36.873, 0.0], [-120.943, 36.836, 0.0], [-120.908, 36.799, 0.0], [-120.904, 36.794, 0.0], [-120.885, 36.756, 0.0], [-120.864, 36.712, 0.0], [-120.844, 36.669, 0.0]]"
789.0,6.25,0.00012,81.0,3.2,46.5,0.0,9.5,"[[-122.162, 37.312, 0.0], [-122.201, 37.34, 0.0], [-122.216, 37.35, 0.0], [-122.237, 37.37, 0.0], [-122.255, 37.387, 0.0], [-122.273, 37.4, 0.0]]"
790.0,6.25,0.00012,81.0,3.2,46.5,0.0,9.5,"[[-122.273, 37.4, 0.0], [-122.312, 37.428, 0.0], [-122.342, 37.449, 0.0], [-122.348, 37.458, 0.0], [-122.372, 37.495, 0.0], [-122.391, 37.523, 0.0], [-122.401, 37.529, 0.0]]"
791.0,6.25,0.00012,81.0,3.2,46.5,0.0,9.5,"[[-122.401, 37.529, 0.0], [-122.442, 37.554, 0.0], [-122.484, 37.58, 0.0], [-122.494, 37.586, 0.0], [-122.521, 37.609, 0.0]]"
792.0,6.75,5.82e-05,81.0,3.2,46.5,0.0,9.5,"[[-122.162, 37.312, 0.0], [-122.201, 37.34, 0.0], [-122.216, 37.35, 0.0], [-122.237, 37.37, 0.0], [-122.255, 37.387, 0.0], [-122.273, 37.4, 0.0], [-122.312, 37.428, 0.0], [-122.342, 37.449, 0.0], [-122.348, 37.458, 0.0], [-122.372, 37.495, 0.0], [-122.391, 37.523, 0.0], [-122.401, 37.529, 0.0], [-122.442, 37.554, 0.0], [-122.484, 37.58, 0.0], [-122.494, 37.586, 0.0], [-122.521, 37.609, 0.0]]"
818.0,6.25,0.000298,53.0,70.3,49.3,0.0,9.0,"[[-122.843, 37.916, 0.0], [-122.896, 37.938, 0.0], [-122.918, 37.947, 0.0], [-122.938, 37.962, 0.0], [-122.944, 37.963, 0.0]]"
819.0,6.25,0.000298,53.0,70.3,49.3,0.0,9.0,"[[-122.944, 37.963, 0.0], [-123.003, 37.969, 0.0], [-123.027, 37.971, 0.0], [-123.051, 37.991, 0.0], [-123.092, 38.025, 0.0]]"
820.0,6.25,0.000298,53.0,70.3,49.3,0.0,9.0,"[[-123.092, 38.025, 0.0], [-123.133, 38.06, 0.0], [-123.173, 38.094, 0.0], [-123.201, 38.135, 0.0]]"
821.0,6.25,0.000298,53.0,70.3,49.3,0.0,9.0,"[[-123.201, 38.135, 0.0], [-123.229, 38.176, 0.0], [-123.235, 38.184, 0.0], [-123.247, 38.221, 0.0], [-123.262, 38.266, 0.0]]"
822.0,6.75,6.91e-05,53.0,70.3,49.3,0.0,9.0,"[[-122.843, 37.916, 0.0], [-122.896, 37.938, 0.0], [-122.918, 37.947, 0.0], [-122.938, 37.962, 0.0], [-122.944, 37.963, 0.0], [-123.003, 37.969, 0.0], [-123.027, 37.971, 0.0], [-123.051, 37.991, 0.0], [-123.092, 38.025, 0.0], [-123.133, 38.06, 0.0], [-123.173, 38.094, 0.0], [-123.201, 38.135, 0.0], [-123.229, 38.176, 0.0], [-123.235, 38.184, 0.0], [-123.247, 38.221, 0.0], [-123.262, 38.266, 0.0]]"
823.0,7.25,6.09e-06,53.0,70.3,49.3,0.0,9.0,"[[-122.843, 37.916, 0.0], [-122.896, 37.938, 0.0], [-122.918, 37.947, 0.0], [-122.938, 37.962, 0.0], [-122.944, 37.963, 0.0], [-123.003, 37.969, 0.0], [-123.027, 37.971, 0.0], [-123.051, 37.991, 0.0], [-123.092, 38.025, 0.0], [-123.133, 38.06, 0.0], [-123.173, 38.094, 0.0], [-123.201, 38.135, 0.0], [-123.229, 38.176, 0.0], [-123.235, 38.184, 0.0], [-123.247, 38.221, 0.0], [-123.262, 38.266, 0.0]]"
824.0,6.15,0.000113,53.0,63.1,49.8,0.0,9.0,"[[-122.592, 37.682, 0.0], [-122.625, 37.717, 0.0], [-122.657, 37.753, 0.0], [-122.69, 37.788, 0.0]]"
825.0,6.15,0.000113,53.0,63.1,49.8,0.0,9.0,"[[-122.69, 37.788, 0.0], [-122.712, 37.812, 0.0], [-122.725, 37.822, 0.0], [-122.764, 37.854, 0.0], [-122.804, 37.885, 0.0]]"
826.0,6.65,2.53e-05,53.0,63.1,49.8,0.0,9.0,"[[-122.592, 37.682, 0.0], [-122.625, 37.717, 0.0], [-122.657, 37.753, 0.0], [-122.69, 37.788, 0.0], [-122.712, 37.812, 0.0], [-122.725, 37.822, 0.0], [-122.764, 37.854, 0.0], [-122.804, 37.885, 0.0]]"
827.0,6.45,0.000362,81.0,-19.9,244.5,0.0,15.0,"[[-120.245, 39.513, 0.0], [-120.232, 39.467, 0.0], [-120.223, 39.452, 0.0], [-120.203, 39.419, 0.0], [-120.184, 39.396, 0.0], [-120.144, 39.347, 0.0], [-120.14, 39.341, 0.0]]"
828.0,6.95,0.000112,81.0,-19.9,244.5,0.0,15.0,"[[-120.245, 39.513, 0.0], [-120.232, 39.467, 0.0], [-120.223, 39.452, 0.0], [-120.203, 39.419, 0.0], [-120.184, 39.396, 0.0], [-120.144, 39.347, 0.0], [-120.14, 39.341, 0.0]]"
834.0,6.15,0.00193,85.0,0.4,233.5,0.0,10.1,"[[-121.376, 36.938, 0.0], [-121.342, 36.901, 0.0], [-121.335, 36.894, 0.0], [-121.307, 36.865, 0.0], [-121.297, 36.856, 0.0]]"
835.0,6.15,0.00193,85.0,0.4,233.5,0.0,10.1,"[[-121.297, 36.856, 0.0], [-121.274, 36.829, 0.0], [-121.258, 36.81, 0.0], [-121.241, 36.792, 0.0]]"
836.0,6.65,8.42e-05,85.0,0.4,233.5,0.0,10.1,"[[-121.376, 36.938, 0.0], [-121.342, 36.901, 0.0], [-121.335, 36.894, 0.0], [-121.307, 36.865, 0.0], [-121.297, 36.856, 0.0], [-121.274, 36.829, 0.0], [-121.258, 36.81, 0.0], [-121.241, 36.792, 0.0]]"
851.0,6.35,0.000504,58.0,5.2,224.0,0.0,10.9,"[[-122.243, 36.988, 0.0], [-122.181, 36.958, 0.0], [-122.12, 36.928, 0.0], [-122.085, 36.912, 0.0]]"
852.0,6.35,0.000504,58.0,5.2,224.0,0.0,10.9,"[[-122.085, 36.912, 0.0], [-122.067, 36.892, 0.0], [-122.025, 36.845, 0.0], [-122.022, 36.842, 0.0], [-121.991, 36.801, 0.0], [-121.986, 36.797, 0.0]]"
853.0,6.35,0.000504,58.0,5.2,224.0,0.0,10.9,"[[-121.986, 36.797, 0.0], [-121.935, 36.757, 0.0], [-121.896, 36.726, 0.0], [-121.881, 36.72, 0.0], [-121.816, 36.697, 0.0], [-121.813, 36.696, 0.0]]"
854.0,6.35,0.000504,58.0,5.2,224.0,0.0,10.9,"[[-121.813, 36.696, 0.0], [-121.763, 36.674, 0.0], [-121.753, 36.67, 0.0], [-121.693, 36.647, 0.0], [-121.69, 36.644, 0.0], [-121.647, 36.598, 0.0]]"
855.0,6.35,0.000504,58.0,5.2,224.0,0.0,10.9,"[[-121.647, 36.598, 0.0], [-121.631, 36.581, 0.0], [-121.589, 36.568, 0.0], [-121.572, 36.563, 0.0], [-121.543, 36.528, 0.0], [-121.509, 36.486, 0.0], [-121.503, 36.48, 0.0]]"
856.0,6.35,0.000504,58.0,5.2,224.0,0.0,10.9,"[[-121.503, 36.48, 0.0], [-121.464, 36.437, 0.0], [-121.46, 36.435, 0.0], [-121.407, 36.396, 0.0], [-121.358, 36.359, 0.0]]"
857.0,6.35,0.000504,58.0,5.2,224.0,0.0,10.9,"[[-121.358, 36.359, 0.0], [-121.356, 36.356, 0.0], [-121.327, 36.304, 0.0], [-121.305, 36.267, 0.0], [-121.293, 36.254, 0.0]]"
858.0,6.85,0.000115,58.0,5.2,224.0,0.0,10.9,"[[-122.243, 36.988, 0.0], [-122.181, 36.958, 0.0], [-122.12, 36.928, 0.0], [-122.085, 36.912, 0.0], [-122.067, 36.892, 0.0], [-122.025, 36.845, 0.0], [-122.022, 36.842, 0.0], [-121.991, 36.801, 0.0], [-121.986, 36.797, 0.0], [-121.935, 36.757, 0.0], [-121.896, 36.726, 0.0], [-121.881, 36.72, 0.0], [-121.816, 36.697, 0.0], [-121.813, 36.696, 0.0], [-121.763, 36.674, 0.0], [-121.753, 36.67, 0.0]]"
859.0,6.85,0.000115,58.0,5.2,224.0,0.0,10.9,"[[-121.753, 36.67, 0.0], [-121.693, 36.647, 0.0], [-121.69, 36.644, 0.0], [-121.647, 36.598, 0.0], [-121.631, 36.581, 0.0], [-121.589, 36.568, 0.0], [-121.572, 36.563, 0.0], [-121.543, 36.528, 0.0], [-121.509, 36.486, 0.0], [-121.503, 36.48, 0.0], [-121.464, 36.437, 0.0], [-121.46, 36.435, 0.0], [-121.407, 36.396, 0.0], [-121.358, 36.359, 0.0], [-121.356, 36.356, 0.0], [-121.327, 36.304, 0.0], [-121.305, 36.267, 0.0], [-121.293, 36.254, 0.0]]"
860.0,7.35,7.81e-05,58.0,5.2,224.0,0.0,10.9,"[[-122.243, 36.988, 0.0], [-122.181, 36.958, 0.0], [-122.12, 36.928, 0.0], [-122.085, 36.912, 0.0], [-122.067, 36.892, 0.0], [-122.025, 36.845, 0.0], [-122.022, 36.842, 0.0], [-121.991, 36.801, 0.0], [-121.986, 36.797, 0.0], [-121.935, 36.757, 0.0], [-121.896, 36.726, 0.0], [-121.881, 36.72, 0.0], [-121.816, 36.697, 0.0], [-121.813, 36.696, 0.0], [-121.763, 36.674, 0.0], [-121.753, 36.67, 0.0], [-121.693, 36.647, 0.0], [-121.69, 36.644, 0.0], [-121.647, 36.598, 0.0], [-121.631, 36.581, 0.0], [-121.589, 36.568, 0.0], [-121.572, 36.563, 0.0], [-121.543, 36.528, 0.0], [-121.509, 36.486, 0.0], [-121.503, 36.48, 0.0], [-121.464, 36.437, 0.0], [-121.46, 36.435, 0.0], [-121.407, 36.396, 0.0], [-121.358, 36.359, 0.0], [-121.356, 36.356, 0.0], [-121.327, 36.304, 0.0], [-121.305, 36.267, 0.0], [-121.293, 36.254, 0.0]]"
872.0,6.45,0.000519,50.0,-79.2,117.6,0.0,13.0,"[[-119.317, 38.207, 0.0], [-119.303, 38.239, 0.0], [-119.305, 38.263, 0.0], [-119.292, 38.276, 0.0]]"
896.0,6.15,0.0187,90.0,0.2,47.7,0.0,12.0,"[[-120.776, 36.196, 0.0], [-120.819, 36.235, 0.0], [-120.828, 36.243, 0.0], [-120.86, 36.275, 0.0], [-120.89, 36.305, 0.0]]"
897.0,6.15,0.0187,90.0,0.2,47.7,0.0,12.0,"[[-120.89, 36.305, 0.0], [-120.9, 36.315, 0.0], [-120.94, 36.356, 0.0], [-120.981, 36.396, 0.0]]"
898.0,6.15,0.0187,90.0,0.2,47.7,0.0,12.0,"[[-120.981, 36.396, 0.0], [-121.001, 36.416, 0.0], [-121.022, 36.437, 0.0], [-121.062, 36.477, 0.0], [-121.086, 36.501, 0.0]]"
899.0,6.15,0.0187,90.0,0.2,47.7,0.0,12.0,"[[-121.086, 36.501, 0.0], [-121.104, 36.517, 0.0], [-121.146, 36.556, 0.0], [-121.166, 36.574, 0.0], [-121.19, 36.594, 0.0], [-121.21, 36.611, 0.0]]"
900.0,6.15,0.0187,90.0,0.2,47.7,0.0,12.0,"[[-121.21, 36.611, 0.0], [-121.235, 36.632, 0.0], [-121.279, 36.67, 0.0], [-121.307, 36.693, 0.0], [-121.325, 36.706, 0.0]]"
901.0,6.15,0.0187,90.0,0.2,47.7,0.0,12.0,"[[-121.325, 36.706, 0.0], [-121.37, 36.739, 0.0], [-121.373, 36.741, 0.0], [-121.425, 36.773, 0.0]]"
903.0,6.65,0.00492,90.0,0.2,47.7,0.0,12.0,"[[-120.828, 36.243, 0.0], [-120.86, 36.275, 0.0], [-120.89, 36.305, 0.0], [-120.9, 36.315, 0.0], [-120.94, 36.356, 0.0], [-120.981, 36.396, 0.0], [-121.001, 36.416, 0.0], [-121.022, 36.437, 0.0], [-121.062, 36.477, 0.0], [-121.086, 36.501, 0.0], [-121.104, 36.517, 0.0]]"
904.0,6.65,0.00492,90.0,0.2,47.7,0.0,12.0,"[[-121.104, 36.517, 0.0], [-121.146, 36.556, 0.0], [-121.166, 36.574, 0.0], [-121.19, 36.594, 0.0], [-121.21, 36.611, 0.0], [-121.235, 36.632, 0.0], [-121.279, 36.67, 0.0], [-121.307, 36.693, 0.0], [-121.325, 36.706, 0.0], [-121.37, 36.739, 0.0], [-121.373, 36.741, 0.0], [-121.425, 36.773, 0.0]]"
905.0,7.15,0.00297,90.0,0.2,47.7,0.0,12.0,"[[-120.561, 36.003, 0.0], [-120.603, 36.042, 0.0], [-120.645, 36.082, 0.0], [-120.67, 36.105, 0.0], [-120.688, 36.12, 0.0], [-120.733, 36.157, 0.0], [-120.739, 36.163, 0.0], [-120.776, 36.196, 0.0], [-120.819, 36.235, 0.0], [-120.828, 36.243, 0.0], [-120.86, 36.275, 0.0], [-120.89, 36.305, 0.0], [-120.9, 36.315, 0.0], [-120.94, 36.356, 0.0], [-120.981, 36.396, 0.0], [-121.001, 36.416, 0.0], [-121.022, 36.437, 0.0], [-121.062, 36.477, 0.0], [-121.086, 36.501, 0.0], [-121.104, 36.517, 0.0], [-121.146, 36.556, 0.0], [-121.166, 36.574, 0.0], [-121.19, 36.594, 0.0], [-121.21, 36.611, 0.0], [-121.235, 36.632, 0.0], [-121.279, 36.67, 0.0], [-121.307, 36.693, 0.0], [-121.325, 36.706, 0.0], [-121.37, 36.739, 0.0], [-121.373, 36.741, 0.0], [-121.425, 36.773, 0.0]]"
906.0,7.65,0.00192,90.0,0.2,47.7,0.0,12.0,"[[-120.561, 36.003, 0.0], [-120.603, 36.042, 0.0], [-120.645, 36.082, 0.0], [-120.67, 36.105, 0.0], [-120.688, 36.12, 0.0], [-120.733, 36.157, 0.0], [-120.739, 36.163, 0.0], [-120.776, 36.196, 0.0], [-120.819, 36.235, 0.0], [-120.828, 36.243, 0.0], [-120.86, 36.275, 0.0], [-120.89, 36.305, 0.0], [-120.9, 36.315, 0.0], [-120.94, 36.356, 0.0], [-120.981, 36.396, 0.0], [-121.001, 36.416, 0.0], [-121.022, 36.437, 0.0], [-121.062, 36.477, 0.0], [-121.086, 36.501, 0.0], [-121.104, 36.517, 0.0], [-121.146, 36.556, 0.0], [-121.166, 36.574, 0.0], [-121.19, 36.594, 0.0], [-121.21, 36.611, 0.0], [-121.235, 36.632, 0.0], [-121.279, 36.67, 0.0], [-121.307, 36.693, 0.0], [-121.325, 36.706, 0.0], [-121.37, 36.739, 0.0], [-121.373, 36.741, 0.0], [-121.425, 36.773, 0.0]]"
915.0,6.25,0.0018,90.0,0.4,55.1,0.0,11.0,"[[-122.665, 37.897, 0.0], [-122.702, 37.935, 0.0], [-122.735, 37.975, 0.0], [-122.768, 38.015, 0.0]]"
916.0,6.25,0.0018,90.0,0.4,55.1,0.0,11.0,"[[-122.768, 38.015, 0.0], [-122.775, 38.024, 0.0], [-122.805, 38.054, 0.0], [-122.842, 38.091, 0.0], [-122.849, 38.098, 0.0], [-122.879, 38.13, 0.0]]"
917.0,6.25,0.0018,90.0,0.4,55.1,0.0,11.0,"[[-122.879, 38.13, 0.0], [-122.895, 38.146, 0.0], [-122.915, 38.168, 0.0], [-122.951, 38.207, 0.0], [-122.968, 38.226, 0.0], [-122.984, 38.247, 0.0]]"
918.0,6.25,0.0018,90.0,0.4,55.1,0.0,11.0,"[[-122.984, 38.247, 0.0], [-123.001, 38.269, 0.0], [-123.016, 38.288, 0.0], [-123.049, 38.329, 0.0], [-123.08, 38.367, 0.0], [-123.082, 38.369, 0.0]]"
919.0,6.25,0.0018,90.0,0.4,55.1,0.0,11.0,"[[-123.082, 38.369, 0.0], [-123.118, 38.408, 0.0], [-123.119, 38.408, 0.0], [-123.158, 38.444, 0.0], [-123.197, 38.481, 0.0], [-123.217, 38.5, 0.0]]"
920.0,6.25,0.0018,90.0,0.4,55.1,0.0,11.0,"[[-123.217, 38.5, 0.0], [-123.236, 38.518, 0.0], [-123.262, 38.544, 0.0], [-123.274, 38.556, 0.0], [-123.31, 38.591, 0.0], [-123.312, 38.593, 0.0], [-123.35, 38.631, 0.0]]"
921.0,6.25,0.0018,90.0,0.4,55.1,0.0,11.0,"[[-123.35, 38.631, 0.0], [-123.364, 38.646, 0.0], [-123.387, 38.669, 0.0], [-123.424, 38.708, 0.0], [-123.433, 38.716, 0.0], [-123.462, 38.745, 0.0]]"
922.0,6.25,0.0018,90.0,0.4,55.1,0.0,11.0,"[[-123.462, 38.745, 0.0], [-123.484, 38.766, 0.0], [-123.5, 38.783, 0.0], [-123.522, 38.808, 0.0], [-123.536, 38.822, 0.0], [-123.572, 38.861, 0.0]]"
925.0,6.75,0.000382,90.0,0.4,55.1,0.0,11.0,"[[-122.665, 37.897, 0.0], [-122.702, 37.935, 0.0], [-122.735, 37.975, 0.0], [-122.768, 38.015, 0.0], [-122.775, 38.024, 0.0], [-122.805, 38.054, 0.0], [-122.842, 38.091, 0.0], [-122.849, 38.098, 0.0], [-122.879, 38.13, 0.0], [-122.895, 38.146, 0.0], [-122.915, 38.168, 0.0], [-122.951, 38.207, 0.0], [-122.968, 38.226, 0.0], [-122.984, 38.247, 0.0], [-123.001, 38.269, 0.0], [-123.016, 38.288, 0.0]]"
926.0,6.75,0.000382,90.0,0.4,55.1,0.0,11.0,"[[-123.016, 38.288, 0.0], [-123.049, 38.329, 0.0], [-123.08, 38.367, 0.0], [-123.082, 38.369, 0.0], [-123.118, 38.408, 0.0], [-123.119, 38.408, 0.0], [-123.158, 38.444, 0.0], [-123.197, 38.481, 0.0], [-123.217, 38.5, 0.0], [-123.236, 38.518, 0.0], [-123.262, 38.544, 0.0], [-123.274, 38.556, 0.0], [-123.31, 38.591, 0.0], [-123.312, 38.593, 0.0], [-123.35, 38.631, 0.0], [-123.364, 38.646, 0.0], [-123.387, 38.669, 0.0], [-123.424, 38.708, 0.0]]"
927.0,6.75,0.000382,90.0,0.4,55.1,0.0,11.0,"[[-123.424, 38.708, 0.0], [-123.433, 38.716, 0.0], [-123.462, 38.745, 0.0], [-123.484, 38.766, 0.0], [-123.5, 38.783, 0.0], [-123.522, 38.808, 0.0], [-123.536, 38.822, 0.0], [-123.572, 38.861, 0.0], [-123.59, 38.88, 0.0], [-123.607, 38.9, 0.0], [-123.641, 38.941, 0.0], [-123.674, 38.981, 0.0], [-123.691, 39.001, 0.0], [-123.708, 39.021, 0.0], [-123.73, 39.049, 0.0], [-123.739, 39.062, 0.0], [-123.767, 39.105, 0.0]]"
928.0,7.25,0.00064,90.0,0.4,55.1,0.0,11.0,"[[-122.665, 37.897, 0.0], [-122.702, 37.935, 0.0], [-122.735, 37.975, 0.0], [-122.768, 38.015, 0.0], [-122.775, 38.024, 0.0], [-122.805, 38.054, 0.0], [-122.842, 38.091, 0.0], [-122.849, 38.098, 0.0], [-122.879, 38.13, 0.0], [-122.895, 38.146, 0.0], [-122.915, 38.168, 0.0], [-122.951, 38.207, 0.0], [-122.968, 38.226, 0.0], [-122.984, 38.247, 0.0], [-123.001, 38.269, 0.0], [-123.016, 38.288, 0.0], [-123.049, 38.329, 0.0], [-123.08, 38.367, 0.0], [-123.082, 38.369, 0.0], [-123.118, 38.408, 0.0], [-123.119, 38.408, 0.0], [-123.158, 38.444, 0.0], [-123.197, 38.481, 0.0], [-123.217, 38.5, 0.0], [-123.236, 38.518, 0.0], [-123.262, 38.544, 0.0], [-123.274, 38.556, 0.0], [-123.31, 38.591, 0.0], [-123.312, 38.593, 0.0], [-123.35, 38.631, 0.0], [-123.364, 38.646, 0.0], [-123.387, 38.669, 0.0], [-123.424, 38.708, 0.0], [-123.433, 38.716, 0.0], [-123.462, 38.745, 0.0], [-123.484, 38.766, 0.0], [-123.5, 38.783, 0.0], [-123.522, 38.808, 0.0], [-123.536, 38.822, 0.0], [-123.572, 38.861, 0.0], [-123.59, 38.88, 0.0], [-123.607, 38.9, 0.0], [-123.641, 38.941, 0.0], [-123.674, 38.981, 0.0], [-123.691, 39.001, 0.0], [-123.708, 39.021, 0.0], [-123.73, 39.049, 0.0], [-123.739, 39.062, 0.0], [-123.767, 39.105, 0.0]]"
929.0,7.75,0.00391,90.0,0.4,55.1,0.0,11.0,"[[-122.665, 37.897, 0.0], [-122.702, 37.935, 0.0], [-122.735, 37.975, 0.0], [-122.768, 38.015, 0.0], [-122.775, 38.024, 0.0], [-122.805, 38.054, 0.0], [-122.842, 38.091, 0.0], [-122.849, 38.098, 0.0], [-122.879, 38.13, 0.0], [-122.895, 38.146, 0.0], [-122.915, 38.168, 0.0], [-122.951, 38.207, 0.0], [-122.968, 38.226, 0.0], [-122.984, 38.247, 0.0], [-123.001, 38.269, 0.0], [-123.016, 38.288, 0.0], [-123.049, 38.329, 0.0], [-123.08, 38.367, 0.0], [-123.082, 38.369, 0.0], [-123.118, 38.408, 0.0], [-123.119, 38.408, 0.0], [-123.158, 38.444, 0.0], [-123.197, 38.481, 0.0], [-123.217, 38.5, 0.0], [-123.236, 38.518, 0.0], [-123.262, 38.544, 0.0], [-123.274, 38.556, 0.0], [-123.31, 38.591, 0.0], [-123.312, 38.593, 0.0], [-123.35, 38.631, 0.0], [-123.364, 38.646, 0.0], [-123.387, 38.669, 0.0], [-123.424, 38.708, 0.0], [-123.433, 38.716, 0.0], [-123.462, 38.745, 0.0], [-123.484, 38.766, 0.0], [-123.5, 38.783, 0.0], [-123.522, 38.808, 0.0], [-123.536, 38.822, 0.0], [-123.572, 38.861, 0.0], [-123.59, 38.88, 0.0], [-123.607, 38.9, 0.0], [-123.641, 38.941, 0.0], [-123.674, 38.981, 0.0], [-123.691, 39.001, 0.0], [-123.708, 39.021, 0.0], [-123.73, 39.049, 0.0], [-123.739, 39.062, 0.0], [-123.767, 39.105, 0.0]]"
955.0,6.65,0.0018,79.0,0.4,221.3,0.0,15.0,"[[-122.002, 37.175, 0.0], [-121.976, 37.158, 0.0], [-121.943, 37.134, 0.0], [-121.887, 37.094, 0.0], [-121.884, 37.093, 0.0], [-121.82, 37.058, 0.0], [-121.82, 37.057, 0.0], [-121.764, 37.023, 0.0], [-121.759, 37.018, 0.0]]"
1022.0,6.25,0.000677,90.0,0.5,248.6,0.0,11.6,"[[-122.705, 37.939, 0.0], [-122.683, 37.896, 0.0], [-122.681, 37.892, 0.0], [-122.659, 37.851, 0.0], [-122.656, 37.845, 0.0]]"
1023.0,6.25,0.000677,90.0,0.5,248.6,0.0,11.6,"[[-122.656, 37.845, 0.0], [-122.633, 37.798, 0.0], [-122.626, 37.785, 0.0], [-122.611, 37.751, 0.0], [-122.59, 37.703, 0.0]]"
1024.0,6.25,0.000677,90.0,0.5,248.6,0.0,11.6,"[[-122.59, 37.703, 0.0], [-122.571, 37.658, 0.0], [-122.569, 37.655, 0.0], [-122.548, 37.607, 0.0], [-122.543, 37.595, 0.0], [-122.529, 37.559, 0.0]]"
1025.0,6.25,0.000677,90.0,0.5,248.6,0.0,11.6,"[[-122.529, 37.559, 0.0], [-122.515, 37.523, 0.0], [-122.507, 37.512, 0.0], [-122.474, 37.469, 0.0], [-122.442, 37.425, 0.0], [-122.441, 37.424, 0.0]]"
1028.0,6.25,0.000677,90.0,0.5,248.6,0.0,11.6,"[[-122.369, 37.255, 0.0], [-122.357, 37.235, 0.0], [-122.38, 37.282, 0.0], [-122.369, 37.255, 0.0]]"
1030.0,6.75,0.000492,90.0,0.5,248.6,0.0,11.6,"[[-122.705, 37.939, 0.0], [-122.683, 37.896, 0.0], [-122.681, 37.892, 0.0], [-122.659, 37.851, 0.0], [-122.656, 37.845, 0.0], [-122.633, 37.798, 0.0], [-122.626, 37.785, 0.0], [-122.611, 37.751, 0.0], [-122.59, 37.703, 0.0], [-122.571, 37.658, 0.0], [-122.569, 37.655, 0.0], [-122.548, 37.607, 0.0], [-122.543, 37.595, 0.0]]"
1034.0,6.25,0.000153,75.0,1.3,61.9,0.0,11.6,"[[-121.704, 36.155, 0.0], [-121.739, 36.201, 0.0], [-121.773, 36.247, 0.0], [-121.774, 36.248, 0.0]]"
1035.0,6.25,0.000153,75.0,1.3,61.9,0.0,11.6,"[[-121.774, 36.248, 0.0], [-121.819, 36.286, 0.0], [-121.866, 36.325, 0.0], [-121.881, 36.338, 0.0], [-121.907, 36.367, 0.0]]"
1036.0,6.25,0.000153,75.0,1.3,61.9,0.0,11.6,"[[-121.907, 36.367, 0.0], [-121.946, 36.411, 0.0], [-121.949, 36.415, 0.0], [-121.971, 36.461, 0.0], [-121.996, 36.511, 0.0], [-122.012, 36.545, 0.0]]"
1037.0,6.25,0.000153,75.0,1.3,61.9,0.0,11.6,"[[-122.012, 36.545, 0.0], [-122.021, 36.561, 0.0], [-122.039, 36.594, 0.0], [-122.047, 36.611, 0.0], [-122.063, 36.644, 0.0], [-122.07, 36.661, 0.0], [-122.081, 36.69, 0.0]]"
1038.0,6.25,0.000153,75.0,1.3,61.9,0.0,11.6,"[[-122.081, 36.69, 0.0], [-122.094, 36.712, 0.0], [-122.123, 36.76, 0.0], [-122.127, 36.765, 0.0], [-122.151, 36.809, 0.0], [-122.151, 36.81, 0.0]]"
1039.0,6.75,0.00015,75.0,1.3,61.9,0.0,11.6,"[[-121.704, 36.155, 0.0], [-121.739, 36.201, 0.0], [-121.773, 36.247, 0.0], [-121.774, 36.248, 0.0], [-121.819, 36.286, 0.0], [-121.866, 36.325, 0.0], [-121.881, 36.338, 0.0], [-121.907, 36.367, 0.0], [-121.946, 36.411, 0.0], [-121.949, 36.415, 0.0], [-121.971, 36.461, 0.0]]"
1040.0,6.75,0.00015,75.0,1.3,61.9,0.0,11.6,"[[-121.971, 36.461, 0.0], [-121.996, 36.511, 0.0], [-122.012, 36.545, 0.0], [-122.021, 36.561, 0.0], [-122.039, 36.594, 0.0], [-122.047, 36.611, 0.0], [-122.063, 36.644, 0.0], [-122.07, 36.661, 0.0], [-122.081, 36.69, 0.0], [-122.094, 36.712, 0.0], [-122.123, 36.76, 0.0], [-122.127, 36.765, 0.0], [-122.151, 36.809, 0.0], [-122.151, 36.81, 0.0]]"
1041.0,7.25,8.71e-05,75.0,1.3,61.9,0.0,11.6,"[[-121.704, 36.155, 0.0], [-121.739, 36.201, 0.0], [-121.773, 36.247, 0.0], [-121.774, 36.248, 0.0], [-121.819, 36.286, 0.0], [-121.866, 36.325, 0.0], [-121.881, 36.338, 0.0], [-121.907, 36.367, 0.0], [-121.946, 36.411, 0.0], [-121.949, 36.415, 0.0], [-121.971, 36.461, 0.0], [-121.996, 36.511, 0.0], [-122.012, 36.545, 0.0], [-122.021, 36.561, 0.0], [-122.039, 36.594, 0.0], [-122.047, 36.611, 0.0], [-122.063, 36.644, 0.0], [-122.07, 36.661, 0.0], [-122.081, 36.69, 0.0], [-122.094, 36.712, 0.0], [-122.123, 36.76, 0.0], [-122.127, 36.765, 0.0], [-122.151, 36.809, 0.0], [-122.151, 36.81, 0.0]]"
1165.0,6.25,5.93e-05,75.0,2.8,51.7,0.0,11.1,"[[-121.634, 37.174, 0.0], [-121.681, 37.204, 0.0], [-121.701, 37.217, 0.0], [-121.721, 37.24, 0.0], [-121.751, 37.272, 0.0]]"
1166.0,6.25,5.93e-05,75.0,2.8,51.7,0.0,11.1,"[[-121.751, 37.272, 0.0], [-121.759, 37.277, 0.0], [-121.807, 37.307, 0.0], [-121.855, 37.337, 0.0], [-121.899, 37.364, 0.0]]"
1167.0,6.25,5.93e-05,75.0,2.8,51.7,0.0,11.1,"[[-121.899, 37.364, 0.0], [-121.902, 37.367, 0.0], [-121.933, 37.409, 0.0], [-121.941, 37.421, 0.0], [-121.95, 37.455, 0.0]]"
1168.0,6.75,3.08e-05,75.0,2.8,51.7,0.0,11.1,"[[-121.634, 37.174, 0.0], [-121.681, 37.204, 0.0], [-121.701, 37.217, 0.0], [-121.721, 37.24, 0.0], [-121.751, 37.272, 0.0], [-121.759, 37.277, 0.0], [-121.807, 37.307, 0.0], [-121.855, 37.337, 0.0], [-121.899, 37.364, 0.0], [-121.902, 37.367, 0.0], [-121.933, 37.409, 0.0], [-121.941, 37.421, 0.0], [-121.95, 37.455, 0.0]]"
1202.0,6.45,0.000241,60.0,-89.3,63.2,0.0,12.0,"[[-120.93, 38.717, 0.0], [-120.979, 38.766, 0.0], [-121.029, 38.814, 0.0]]"
1203.0,6.45,0.000241,60.0,-89.3,63.2,0.0,12.0,"[[-121.029, 38.814, 0.0], [-121.078, 38.863, 0.0], [-121.128, 38.911, 0.0], [-121.177, 38.96, 0.0], [-121.211, 38.992, 0.0]]"
1204.0,6.45,0.000241,60.0,-89.3,63.2,0.0,12.0,"[[-121.211, 38.992, 0.0], [-121.223, 39.01, 0.0], [-121.262, 39.064, 0.0], [-121.266, 39.07, 0.0], [-121.29, 39.122, 0.0]]"
1205.0,6.45,0.000241,60.0,-89.3,63.2,0.0,12.0,"[[-121.29, 39.122, 0.0], [-121.317, 39.18, 0.0], [-121.32, 39.187, 0.0], [-121.349, 39.237, 0.0], [-121.35, 39.239, 0.0], [-121.379, 39.294, 0.0]]"
1206.0,6.45,0.000241,60.0,-89.3,63.2,0.0,12.0,"[[-121.379, 39.294, 0.0], [-121.409, 39.352, 0.0], [-121.431, 39.394, 0.0], [-121.435, 39.41, 0.0], [-121.449, 39.471, 0.0]]"
1207.0,6.95,6.48e-05,60.0,-89.3,63.2,0.0,12.0,"[[-120.93, 38.717, 0.0], [-120.979, 38.766, 0.0], [-121.029, 38.814, 0.0], [-121.078, 38.863, 0.0], [-121.128, 38.911, 0.0], [-121.177, 38.96, 0.0], [-121.211, 38.992, 0.0], [-121.223, 39.01, 0.0], [-121.262, 39.064, 0.0], [-121.266, 39.07, 0.0]]"
1208.0,6.95,6.48e-05,60.0,-89.3,63.2,0.0,12.0,"[[-121.266, 39.07, 0.0], [-121.29, 39.122, 0.0], [-121.317, 39.18, 0.0], [-121.32, 39.187, 0.0], [-121.349, 39.237, 0.0], [-121.35, 39.239, 0.0], [-121.379, 39.294, 0.0], [-121.409, 39.352, 0.0], [-121.431, 39.394, 0.0], [-121.435, 39.41, 0.0], [-121.449, 39.471, 0.0]]"
1209.0,7.25,6.37e-06,60.0,-89.3,63.2,0.0,12.0,"[[-120.93, 38.717, 0.0], [-120.979, 38.766, 0.0], [-121.029, 38.814, 0.0], [-121.078, 38.863, 0.0], [-121.128, 38.911, 0.0], [-121.177, 38.96, 0.0], [-121.211, 38.992, 0.0], [-121.223, 39.01, 0.0], [-121.262, 39.064, 0.0], [-121.266, 39.07, 0.0], [-121.29, 39.122, 0.0], [-121.317, 39.18, 0.0], [-121.32, 39.187, 0.0], [-121.349, 39.237, 0.0], [-121.35, 39.239, 0.0], [-121.379, 39.294, 0.0], [-121.409, 39.352, 0.0], [-121.431, 39.394, 0.0], [-121.435, 39.41, 0.0], [-121.449, 39.471, 0.0]]"
1242.0,6.45,0.00134,75.0,-6.1,241.3,0.0,13.2,"[[-122.483, 38.507, 0.0], [-122.446, 38.459, 0.0], [-122.41, 38.41, 0.0], [-122.381, 38.372, 0.0], [-122.372, 38.363, 0.0]]"
1243.0,6.45,0.00134,75.0,-6.1,241.3,0.0,13.2,"[[-122.372, 38.363, 0.0], [-122.33, 38.318, 0.0], [-122.32, 38.308, 0.0], [-122.303, 38.266, 0.0], [-122.283, 38.217, 0.0], [-122.28, 38.213, 0.0]]"
1244.0,6.95,0.000554,75.0,-6.1,241.3,0.0,13.2,"[[-122.483, 38.507, 0.0], [-122.446, 38.459, 0.0], [-122.41, 38.41, 0.0], [-122.381, 38.372, 0.0], [-122.372, 38.363, 0.0], [-122.33, 38.318, 0.0], [-122.32, 38.308, 0.0], [-122.303, 38.266, 0.0], [-122.283, 38.217, 0.0], [-122.28, 38.213, 0.0]]"
1245.0,6.55,0.000559,50.0,-62.9,80.3,0.0,13.0,"[[-120.006, 38.748, 0.0], [-120.022, 38.815, 0.0], [-120.026, 38.822, 0.0], [-120.059, 38.885, 0.0], [-120.06, 38.893, 0.0]]"
1246.0,6.55,0.000559,50.0,-62.9,80.3,0.0,13.0,"[[-120.06, 38.893, 0.0], [-120.074, 38.966, 0.0], [-120.075, 38.968, 0.0], [-120.088, 39.0, 0.0], [-120.095, 39.041, 0.0]]"
1247.0,6.55,0.000559,50.0,-62.9,80.3,0.0,13.0,"[[-120.095, 39.041, 0.0], [-120.106, 39.098, 0.0], [-120.102, 39.116, 0.0], [-120.088, 39.183, 0.0], [-120.092, 39.19, 0.0], [-120.105, 39.21, 0.0], [-120.109, 39.234, 0.0]]"
1248.0,7.05,0.000288,50.0,-62.9,80.3,0.0,13.0,"[[-120.006, 38.748, 0.0], [-120.022, 38.815, 0.0], [-120.026, 38.822, 0.0], [-120.059, 38.885, 0.0], [-120.06, 38.893, 0.0], [-120.074, 38.966, 0.0], [-120.075, 38.968, 0.0], [-120.088, 39.0, 0.0], [-120.095, 39.041, 0.0], [-120.106, 39.098, 0.0], [-120.102, 39.116, 0.0], [-120.088, 39.183, 0.0], [-120.092, 39.19, 0.0], [-120.105, 39.21, 0.0], [-120.109, 39.234, 0.0]]"
1274.0,6.4,4.69e-05,69.0,-87.0,353.5,0.0,15.9,"[[-122.845, 38.953, 0.0], [-122.909, 38.934, 0.0], [-122.966, 38.917, 0.0], [-122.973, 38.919, 0.0]]"
1277.0,6.85,1.63e-05,90.0,19.4,36.2,0.0,12.0,"[[-121.464, 36.793, 0.0], [-121.528, 36.802, 0.0], [-121.592, 36.81, 0.0], [-121.61, 36.813, 0.0], [-121.64, 36.842, 0.0], [-121.682, 36.881, 0.0], [-121.724, 36.921, 0.0], [-121.742, 36.938, 0.0], [-121.771, 36.957, 0.0], [-121.822, 36.99, 0.0], [-121.872, 37.023, 0.0], [-121.923, 37.056, 0.0]]"
1278.0,6.25,7.43e-05,30.0,12.1,209.2,0.0,11.8,"[[-122.329, 37.187, 0.0], [-122.275, 37.169, 0.0], [-122.218, 37.164, 0.0], [-122.207, 37.16, 0.0]]"
1279.0,6.25,7.43e-05,30.0,12.1,209.2,0.0,11.8,"[[-122.207, 37.16, 0.0], [-122.09, 37.12, 0.0], [-122.066, 37.112, 0.0]]"
1280.0,6.25,7.43e-05,30.0,12.1,209.2,0.0,11.8,"[[-122.066, 37.112, 0.0], [-121.983, 37.099, 0.0], [-121.97, 37.091, 0.0], [-121.887, 37.038, 0.0]]"
1281.0,6.25,7.43e-05,30.0,12.1,209.2,0.0,11.8,"[[-121.887, 37.038, 0.0], [-121.872, 37.026, 0.0], [-121.788, 36.955, 0.0], [-121.784, 36.952, 0.0]]"
1282.0,6.25,7.43e-05,30.0,12.1,209.2,0.0,11.8,"[[-121.784, 36.952, 0.0], [-121.744, 36.926, 0.0], [-121.689, 36.885, 0.0], [-121.681, 36.879, 0.0]]"
1283.0,6.25,7.43e-05,30.0,12.1,209.2,0.0,11.8,"[[-121.681, 36.879, 0.0], [-121.631, 36.837, 0.0], [-121.592, 36.821, 0.0], [-121.563, 36.809, 0.0]]"
1284.0,6.75,2.39e-05,30.0,12.1,209.2,0.0,11.8,"[[-122.329, 37.187, 0.0], [-122.275, 37.169, 0.0], [-122.218, 37.164, 0.0], [-122.207, 37.16, 0.0], [-122.09, 37.12, 0.0], [-122.066, 37.112, 0.0]]"
1285.0,6.75,2.39e-05,30.0,12.1,209.2,0.0,11.8,"[[-122.066, 37.112, 0.0], [-121.983, 37.099, 0.0], [-121.97, 37.091, 0.0], [-121.887, 37.038, 0.0], [-121.872, 37.026, 0.0], [-121.788, 36.955, 0.0], [-121.784, 36.952, 0.0]]"
1286.0,6.75,2.39e-05,30.0,12.1,209.2,0.0,11.8,"[[-121.784, 36.952, 0.0], [-121.744, 36.926, 0.0], [-121.689, 36.885, 0.0], [-121.681, 36.879, 0.0], [-121.631, 36.837, 0.0], [-121.592, 36.821, 0.0], [-121.563, 36.809, 0.0]]"
1287.0,7.25,8.88e-06,30.0,12.1,209.2,0.0,11.8,"[[-122.329, 37.187, 0.0], [-122.275, 37.169, 0.0], [-122.218, 37.164, 0.0], [-122.207, 37.16, 0.0], [-122.09, 37.12, 0.0], [-122.066, 37.112, 0.0], [-121.983, 37.099, 0.0], [-121.97, 37.091, 0.0], [-121.887, 37.038, 0.0], [-121.872, 37.026, 0.0], [-121.788, 36.955, 0.0], [-121.784, 36.952, 0.0], [-121.744, 36.926, 0.0], [-121.689, 36.885, 0.0], [-121.681, 36.879, 0.0], [-121.631, 36.837, 0.0], [-121.592, 36.821, 0.0], [-121.563, 36.809, 0.0]]"
1288.0,7.75,1.31e-05,30.0,12.1,209.2,0.0,11.8,"[[-122.329, 37.187, 0.0], [-122.275, 37.169, 0.0], [-122.218, 37.164, 0.0], [-122.207, 37.16, 0.0], [-122.09, 37.12, 0.0], [-122.066, 37.112, 0.0], [-121.983, 37.099, 0.0], [-121.97, 37.091, 0.0], [-121.887, 37.038, 0.0], [-121.872, 37.026, 0.0], [-121.788, 36.955, 0.0], [-121.784, 36.952, 0.0], [-121.744, 36.926, 0.0], [-121.689, 36.885, 0.0], [-121.681, 36.879, 0.0], [-121.631, 36.837, 0.0], [-121.592, 36.821, 0.0], [-121.563, 36.809, 0.0]]"
